{
    "tc_1_3": {
        "N": 9,
        "budget": 8730,
        "weights": [
            4313,
            4540,
            7228,
            4356,
            8481,
            1601,
            751,
            5045,
            2376
        ],
        "values": [
            885,
            488,
            721,
            511,
            16,
            503,
            368,
            565,
            914
        ],
        "fitness": [
            true,
            true,
            true,
            true,
            false,
            true,
            false,
            false,
            false,
            true,
            true,
            false,
            true,
            false,
            false,
            true,
            false,
            true,
            false,
            false,
            true,
            true,
            false
        ],
        "ratio": 0.5217391304347826
    },
    "tc_2_3": {
        "N": 10,
        "budget": 9721,
        "weights": [
            3484,
            4133,
            4745,
            2520,
            1131,
            7688,
            8403,
            6246,
            5044,
            1879
        ],
        "values": [
            921,
            627,
            335,
            521,
            814,
            268,
            867,
            195,
            566,
            747
        ],
        "fitness": [
            true,
            true,
            true,
            true,
            false,
            true,
            false,
            false,
            false,
            false,
            true,
            false,
            true,
            false,
            false,
            false,
            false,
            true,
            false,
            false,
            true,
            false,
            false
        ],
        "ratio": 0.391304347826087
    },
    "tc_3_3": {
        "N": 9,
        "budget": 8750,
        "weights": [
            3483,
            8056,
            9562,
            4815,
            5698,
            7687,
            3870,
            5043,
            1878
        ],
        "values": [
            920,
            140,
            680,
            883,
            198,
            269,
            966,
            565,
            748
        ],
        "fitness": [
            true,
            true,
            true,
            true,
            false,
            false,
            false,
            false,
            false,
            true,
            true,
            false,
            true,
            false,
            false,
            false,
            false,
            true,
            false,
            true,
            true,
            true,
            false
        ],
        "ratio": 0.4782608695652174
    }
}