{
    "tc_1_3": {
        "N": 10,
        "budget": 8859,
        "weights": [
            5473,
            4725,
            7068,
            2524,
            1600,
            9025,
            1207,
            1634,
            1829,
            750
        ],
        "values": [
            30,
            154,
            466,
            261,
            504,
            674,
            915,
            247,
            786,
            367
        ],
        "fitness": [
            true,
            true,
            true,
            true,
            false,
            true,
            false,
            true,
            true,
            true,
            true,
            false,
            true,
            true,
            false,
            true,
            false,
            true,
            false,
            true,
            true,
            false,
            false
        ],
        "ratio": 0.6521739130434783
    },
    "tc_2_3": {
        "N": 10,
        "budget": 6827,
        "weights": [
            6002,
            388,
            7562,
            2535,
            1283,
            9655,
            9024,
            3003,
            2523,
            8482
        ],
        "values": [
            142,
            804,
            631,
            702,
            323,
            47,
            675,
            711,
            262,
            17
        ],
        "fitness": [
            true,
            true,
            true,
            true,
            false,
            true,
            false,
            true,
            false,
            true,
            true,
            false,
            true,
            true,
            false,
            true,
            false,
            true,
            false,
            true,
            true,
            false,
            false
        ],
        "ratio": 0.6086956521739131
    },
    "tc_3_3": {
        "N": 9,
        "budget": 8730,
        "weights": [
            4313,
            4540,
            7228,
            4356,
            8481,
            1601,
            751,
            5045,
            2376
        ],
        "values": [
            885,
            488,
            721,
            511,
            16,
            503,
            368,
            565,
            914
        ],
        "fitness": [
            true,
            true,
            true,
            true,
            false,
            true,
            false,
            false,
            false,
            true,
            true,
            false,
            true,
            false,
            false,
            true,
            false,
            true,
            false,
            false,
            true,
            true,
            false
        ],
        "ratio": 0.5217391304347826
    }
}